{
  "STD_name": {
    "precision": 0.8846153846153846,
    "recall": 1.0,
    "f1-score": 0.9387755102040816,
    "support": 23,
    "confused_with": {}
  },
  "micro avg": {
    "precision": 0.8846153846153846,
    "recall": 1.0,
    "f1-score": 0.9387755102040816,
    "support": 23
  },
  "macro avg": {
    "precision": 0.8846153846153846,
    "recall": 1.0,
    "f1-score": 0.9387755102040816,
    "support": 23
  },
  "weighted avg": {
    "precision": 0.8846153846153847,
    "recall": 1.0,
    "f1-score": 0.9387755102040815,
    "support": 23
  }
}