{
  "STD_name": {
    "precision": 0.9487179487179487,
    "recall": 0.925,
    "f1-score": 0.9367088607594937,
    "support": 40,
    "confused_with": {}
  },
  "micro avg": {
    "precision": 0.9487179487179487,
    "recall": 0.925,
    "f1-score": 0.9367088607594937,
    "support": 40
  },
  "macro avg": {
    "precision": 0.9487179487179487,
    "recall": 0.925,
    "f1-score": 0.9367088607594937,
    "support": 40
  },
  "weighted avg": {
    "precision": 0.9487179487179487,
    "recall": 0.925,
    "f1-score": 0.9367088607594937,
    "support": 40
  }
}