{
  "STD_name": {
    "precision": 0.8837209302325582,
    "recall": 0.95,
    "f1-score": 0.9156626506024096,
    "support": 40,
    "confused_with": {}
  },
  "micro avg": {
    "precision": 0.8837209302325582,
    "recall": 0.95,
    "f1-score": 0.9156626506024096,
    "support": 40
  },
  "macro avg": {
    "precision": 0.8837209302325582,
    "recall": 0.95,
    "f1-score": 0.9156626506024096,
    "support": 40
  },
  "weighted avg": {
    "precision": 0.8837209302325582,
    "recall": 0.95,
    "f1-score": 0.9156626506024097,
    "support": 40
  }
}