{
  "STD_name": {
    "precision": 0.8709677419354839,
    "recall": 1.0,
    "f1-score": 0.9310344827586207,
    "support": 27,
    "confused_with": {}
  },
  "micro avg": {
    "precision": 0.8709677419354839,
    "recall": 1.0,
    "f1-score": 0.9310344827586207,
    "support": 27
  },
  "macro avg": {
    "precision": 0.8709677419354839,
    "recall": 1.0,
    "f1-score": 0.9310344827586207,
    "support": 27
  },
  "weighted avg": {
    "precision": 0.8709677419354839,
    "recall": 1.0,
    "f1-score": 0.9310344827586207,
    "support": 27
  }
}