{
  "greet": {
    "precision": 0.75,
    "recall": 0.6,
    "f1-score": 0.6666666666666665,
    "support": 5,
    "confused_with": {
      "goodbye": 1,
      "ask_source": 1
    }
  },
  "insults": {
    "precision": 0.6,
    "recall": 0.5,
    "f1-score": 0.5454545454545454,
    "support": 6,
    "confused_with": {
      "advance_plot": 1,
      "definition_STD": 1
    }
  },
  "goodbye": {
    "precision": 0.7142857142857143,
    "recall": 0.7142857142857143,
    "f1-score": 0.7142857142857143,
    "support": 7,
    "confused_with": {
      "affirm": 1,
      "express_amusement": 1
    }
  },
  "deny": {
    "precision": 0.8333333333333334,
    "recall": 1.0,
    "f1-score": 0.9090909090909091,
    "support": 5,
    "confused_with": {}
  },
  "out_of_scope": {
    "precision": 0.16666666666666666,
    "recall": 0.16666666666666666,
    "f1-score": 0.16666666666666666,
    "support": 6,
    "confused_with": {
      "transmission_STD": 2,
      "testing_recommendations": 1
    }
  },
  "affirm": {
    "precision": 0.4,
    "recall": 0.3333333333333333,
    "f1-score": 0.3636363636363636,
    "support": 6,
    "confused_with": {
      "lost_user": 2,
      "insults": 1
    }
  },
  "symptoms_STD": {
    "precision": 0.75,
    "recall": 0.75,
    "f1-score": 0.75,
    "support": 4,
    "confused_with": {
      "diagnosis_STD": 1
    }
  },
  "advance_plot": {
    "precision": 0.3333333333333333,
    "recall": 0.375,
    "f1-score": 0.35294117647058826,
    "support": 8,
    "confused_with": {
      "affirm": 2,
      "out_of_scope": 1
    }
  },
  "prevention_STD": {
    "precision": 1.0,
    "recall": 0.5,
    "f1-score": 0.6666666666666666,
    "support": 6,
    "confused_with": {
      "set_entity_none": 2,
      "testing_recommendations": 1
    }
  },
  "definition_STD": {
    "precision": 0.3333333333333333,
    "recall": 0.25,
    "f1-score": 0.28571428571428575,
    "support": 4,
    "confused_with": {
      "ask_scope": 1,
      "ask_source": 1,
      "out_of_scope": 1
    }
  },
  "express_amusement": {
    "precision": 0.16666666666666666,
    "recall": 0.16666666666666666,
    "f1-score": 0.16666666666666666,
    "support": 6,
    "confused_with": {
      "greet": 1,
      "thank": 1
    }
  },
  "thank": {
    "precision": 0.8,
    "recall": 0.8,
    "f1-score": 0.8000000000000002,
    "support": 5,
    "confused_with": {
      "express_amusement": 1
    }
  },
  "ask_source": {
    "precision": 0.3333333333333333,
    "recall": 0.2,
    "f1-score": 0.25,
    "support": 5,
    "confused_with": {
      "ask_scope": 2,
      "advance_plot": 1
    }
  },
  "set_entity_none": {
    "precision": 0.6,
    "recall": 0.6,
    "f1-score": 0.6,
    "support": 5,
    "confused_with": {
      "testing_recommendations": 1,
      "definition_STD": 1
    }
  },
  "ask_scope": {
    "precision": 0.375,
    "recall": 0.6,
    "f1-score": 0.4615384615384615,
    "support": 5,
    "confused_with": {
      "I_have_questions": 1,
      "list_STD": 1
    }
  },
  "treatment_STD": {
    "precision": 1.0,
    "recall": 0.25,
    "f1-score": 0.4,
    "support": 4,
    "confused_with": {
      "diagnosis_STD": 2,
      "lost_user": 1
    }
  },
  "lost_user": {
    "precision": 0.2857142857142857,
    "recall": 0.4,
    "f1-score": 0.3333333333333333,
    "support": 5,
    "confused_with": {
      "ask_scope": 1,
      "deny": 1
    }
  },
  "I_have_questions": {
    "precision": 0.5,
    "recall": 0.4,
    "f1-score": 0.4444444444444445,
    "support": 5,
    "confused_with": {
      "advance_plot": 2,
      "ask_scope": 1
    }
  },
  "transmission_STD": {
    "precision": 0.3333333333333333,
    "recall": 0.16666666666666666,
    "f1-score": 0.2222222222222222,
    "support": 6,
    "confused_with": {
      "list_STD": 3,
      "out_of_scope": 1,
      "lost_user": 1
    }
  },
  "list_STD": {
    "precision": 0.2857142857142857,
    "recall": 0.4,
    "f1-score": 0.3333333333333333,
    "support": 5,
    "confused_with": {
      "I_have_questions": 1,
      "advance_plot": 1
    }
  },
  "diagnosis_STD": {
    "precision": 0.5,
    "recall": 1.0,
    "f1-score": 0.6666666666666666,
    "support": 4,
    "confused_with": {}
  },
  "testing_recommendations": {
    "precision": 0.5714285714285714,
    "recall": 1.0,
    "f1-score": 0.7272727272727273,
    "support": 4,
    "confused_with": {}
  },
  "consequences_STD": {
    "precision": 0.6666666666666666,
    "recall": 0.6666666666666666,
    "f1-score": 0.6666666666666666,
    "support": 6,
    "confused_with": {
      "advance_plot": 1,
      "out_of_scope": 1
    }
  },
  "accuracy": 0.5,
  "macro avg": {
    "precision": 0.5347308488612837,
    "recall": 0.5147515527950312,
    "f1-score": 0.4997072833389969,
    "support": 122
  },
  "weighted avg": {
    "precision": 0.5254195940671351,
    "recall": 0.5,
    "f1-score": 0.49116441524831106,
    "support": 122
  }
}