{
  "greet": {
    "precision": 1.0,
    "recall": 0.6,
    "f1-score": 0.7499999999999999,
    "support": 5,
    "confused_with": {
      "goodbye": 1,
      "express_amusement": 1
    }
  },
  "insults": {
    "precision": 1.0,
    "recall": 0.8333333333333334,
    "f1-score": 0.9090909090909091,
    "support": 6,
    "confused_with": {
      "advance_plot": 1
    }
  },
  "goodbye": {
    "precision": 0.4444444444444444,
    "recall": 0.5714285714285714,
    "f1-score": 0.5,
    "support": 7,
    "confused_with": {
      "express_amusement": 1,
      "thank": 1
    }
  },
  "deny": {
    "precision": 0.6666666666666666,
    "recall": 0.8,
    "f1-score": 0.7272727272727272,
    "support": 5,
    "confused_with": {
      "set_entity_none": 1
    }
  },
  "out_of_scope": {
    "precision": 0.4,
    "recall": 0.3333333333333333,
    "f1-score": 0.3636363636363636,
    "support": 6,
    "confused_with": {
      "definition_STD": 2,
      "set_entity_none": 1
    }
  },
  "affirm": {
    "precision": 0.3333333333333333,
    "recall": 0.16666666666666666,
    "f1-score": 0.2222222222222222,
    "support": 6,
    "confused_with": {
      "thank": 1,
      "set_entity_none": 1
    }
  },
  "symptoms_STD": {
    "precision": 0.5714285714285714,
    "recall": 1.0,
    "f1-score": 0.7272727272727273,
    "support": 4,
    "confused_with": {}
  },
  "advance_plot": {
    "precision": 0.6666666666666666,
    "recall": 0.75,
    "f1-score": 0.7058823529411765,
    "support": 8,
    "confused_with": {
      "goodbye": 1,
      "affirm": 1
    }
  },
  "prevention_STD": {
    "precision": 0.7142857142857143,
    "recall": 0.8333333333333334,
    "f1-score": 0.7692307692307692,
    "support": 6,
    "confused_with": {
      "list_STD": 1
    }
  },
  "definition_STD": {
    "precision": 0.2,
    "recall": 0.25,
    "f1-score": 0.22222222222222224,
    "support": 4,
    "confused_with": {
      "prevention_STD": 1,
      "list_STD": 1
    }
  },
  "express_amusement": {
    "precision": 0.42857142857142855,
    "recall": 0.5,
    "f1-score": 0.4615384615384615,
    "support": 6,
    "confused_with": {
      "goodbye": 3
    }
  },
  "thank": {
    "precision": 0.6666666666666666,
    "recall": 0.8,
    "f1-score": 0.7272727272727272,
    "support": 5,
    "confused_with": {
      "affirm": 1
    }
  },
  "ask_source": {
    "precision": 0.75,
    "recall": 0.6,
    "f1-score": 0.6666666666666665,
    "support": 5,
    "confused_with": {
      "symptoms_STD": 1,
      "ask_scope": 1
    }
  },
  "set_entity_none": {
    "precision": 0.3333333333333333,
    "recall": 0.4,
    "f1-score": 0.3636363636363636,
    "support": 5,
    "confused_with": {
      "ask_scope": 1,
      "consequences_STD": 1
    }
  },
  "ask_scope": {
    "precision": 0.3333333333333333,
    "recall": 0.2,
    "f1-score": 0.25,
    "support": 5,
    "confused_with": {
      "list_STD": 2,
      "I_have_questions": 1
    }
  },
  "treatment_STD": {
    "precision": 0.5,
    "recall": 0.5,
    "f1-score": 0.5,
    "support": 4,
    "confused_with": {
      "testing_recommendations": 1,
      "prevention_STD": 1
    }
  },
  "lost_user": {
    "precision": 0.5,
    "recall": 0.4,
    "f1-score": 0.4444444444444445,
    "support": 5,
    "confused_with": {
      "I_have_questions": 1,
      "deny": 1
    }
  },
  "I_have_questions": {
    "precision": 0.4,
    "recall": 0.4,
    "f1-score": 0.4000000000000001,
    "support": 5,
    "confused_with": {
      "advance_plot": 2,
      "symptoms_STD": 1
    }
  },
  "transmission_STD": {
    "precision": 0.8333333333333334,
    "recall": 0.8333333333333334,
    "f1-score": 0.8333333333333334,
    "support": 6,
    "confused_with": {
      "out_of_scope": 1
    }
  },
  "list_STD": {
    "precision": 0.2857142857142857,
    "recall": 0.4,
    "f1-score": 0.3333333333333333,
    "support": 5,
    "confused_with": {
      "set_entity_none": 1,
      "ask_source": 1
    }
  },
  "diagnosis_STD": {
    "precision": 0.6666666666666666,
    "recall": 0.5,
    "f1-score": 0.5714285714285715,
    "support": 4,
    "confused_with": {
      "symptoms_STD": 1,
      "out_of_scope": 1
    }
  },
  "testing_recommendations": {
    "precision": 0.75,
    "recall": 0.75,
    "f1-score": 0.75,
    "support": 4,
    "confused_with": {
      "diagnosis_STD": 1
    }
  },
  "consequences_STD": {
    "precision": 0.5,
    "recall": 0.3333333333333333,
    "f1-score": 0.4,
    "support": 6,
    "confused_with": {
      "treatment_STD": 2,
      "list_STD": 1
    }
  },
  "accuracy": 0.5573770491803278,
  "macro avg": {
    "precision": 0.5628019323671498,
    "recall": 0.5545548654244308,
    "f1-score": 0.547760182414914,
    "support": 122
  },
  "weighted avg": {
    "precision": 0.5666601613322925,
    "recall": 0.5573770491803278,
    "f1-score": 0.5516245620874357,
    "support": 122
  }
}