{
  "STD_name": {
    "precision": 1.0,
    "recall": 0.7391304347826086,
    "f1-score": 0.85,
    "support": 23,
    "confused_with": {}
  },
  "micro avg": {
    "precision": 1.0,
    "recall": 0.7391304347826086,
    "f1-score": 0.85,
    "support": 23
  },
  "macro avg": {
    "precision": 1.0,
    "recall": 0.7391304347826086,
    "f1-score": 0.85,
    "support": 23
  },
  "weighted avg": {
    "precision": 1.0,
    "recall": 0.7391304347826086,
    "f1-score": 0.85,
    "support": 23
  }
}