{
  "STD_name": {
    "precision": 0.8695652173913043,
    "recall": 0.8695652173913043,
    "f1-score": 0.8695652173913043,
    "support": 23,
    "confused_with": {}
  },
  "micro avg": {
    "precision": 0.8695652173913043,
    "recall": 0.8695652173913043,
    "f1-score": 0.8695652173913043,
    "support": 23
  },
  "macro avg": {
    "precision": 0.8695652173913043,
    "recall": 0.8695652173913043,
    "f1-score": 0.8695652173913043,
    "support": 23
  },
  "weighted avg": {
    "precision": 0.8695652173913043,
    "recall": 0.8695652173913043,
    "f1-score": 0.8695652173913043,
    "support": 23
  }
}