{
  "STD_name": {
    "precision": 0.7647058823529411,
    "recall": 0.65,
    "f1-score": 0.7027027027027027,
    "support": 40,
    "confused_with": {}
  },
  "micro avg": {
    "precision": 0.7647058823529411,
    "recall": 0.65,
    "f1-score": 0.7027027027027027,
    "support": 40
  },
  "macro avg": {
    "precision": 0.7647058823529411,
    "recall": 0.65,
    "f1-score": 0.7027027027027027,
    "support": 40
  },
  "weighted avg": {
    "precision": 0.7647058823529411,
    "recall": 0.65,
    "f1-score": 0.7027027027027027,
    "support": 40
  }
}