{
  "STD_name": {
    "precision": 0.9655172413793104,
    "recall": 0.7,
    "f1-score": 0.8115942028985508,
    "support": 40,
    "confused_with": {}
  },
  "micro avg": {
    "precision": 0.9655172413793104,
    "recall": 0.7,
    "f1-score": 0.8115942028985508,
    "support": 40
  },
  "macro avg": {
    "precision": 0.9655172413793104,
    "recall": 0.7,
    "f1-score": 0.8115942028985508,
    "support": 40
  },
  "weighted avg": {
    "precision": 0.9655172413793103,
    "recall": 0.7,
    "f1-score": 0.8115942028985508,
    "support": 40
  }
}