{
  "STD_name": {
    "precision": 0.8181818181818182,
    "recall": 0.675,
    "f1-score": 0.7397260273972603,
    "support": 40,
    "confused_with": {}
  },
  "micro avg": {
    "precision": 0.8181818181818182,
    "recall": 0.675,
    "f1-score": 0.7397260273972603,
    "support": 40
  },
  "macro avg": {
    "precision": 0.8181818181818182,
    "recall": 0.675,
    "f1-score": 0.7397260273972603,
    "support": 40
  },
  "weighted avg": {
    "precision": 0.8181818181818181,
    "recall": 0.675,
    "f1-score": 0.7397260273972603,
    "support": 40
  }
}