{
  "STD_name": {
    "precision": 0.8148148148148148,
    "recall": 0.9565217391304348,
    "f1-score": 0.8800000000000001,
    "support": 23,
    "confused_with": {}
  },
  "micro avg": {
    "precision": 0.8148148148148148,
    "recall": 0.9565217391304348,
    "f1-score": 0.8800000000000001,
    "support": 23
  },
  "macro avg": {
    "precision": 0.8148148148148148,
    "recall": 0.9565217391304348,
    "f1-score": 0.8800000000000001,
    "support": 23
  },
  "weighted avg": {
    "precision": 0.8148148148148148,
    "recall": 0.9565217391304348,
    "f1-score": 0.8800000000000001,
    "support": 23
  }
}