{
  "greet": {
    "precision": 0.625,
    "recall": 1.0,
    "f1-score": 0.7692307692307693,
    "support": 5,
    "confused_with": {}
  },
  "insults": {
    "precision": 0.8,
    "recall": 0.6666666666666666,
    "f1-score": 0.7272727272727272,
    "support": 6,
    "confused_with": {
      "greet": 1,
      "consequences_STD": 1
    }
  },
  "goodbye": {
    "precision": 0.7142857142857143,
    "recall": 0.7142857142857143,
    "f1-score": 0.7142857142857143,
    "support": 7,
    "confused_with": {
      "express_amusement": 2
    }
  },
  "deny": {
    "precision": 0.5,
    "recall": 1.0,
    "f1-score": 0.6666666666666666,
    "support": 5,
    "confused_with": {}
  },
  "out_of_scope": {
    "precision": 0.6666666666666666,
    "recall": 0.3333333333333333,
    "f1-score": 0.4444444444444444,
    "support": 6,
    "confused_with": {
      "consequences_STD": 2,
      "definition_STD": 1
    }
  },
  "affirm": {
    "precision": 0.3333333333333333,
    "recall": 0.16666666666666666,
    "f1-score": 0.2222222222222222,
    "support": 6,
    "confused_with": {
      "thank": 1,
      "advance_plot": 1
    }
  },
  "symptoms_STD": {
    "precision": 0.3333333333333333,
    "recall": 0.25,
    "f1-score": 0.28571428571428575,
    "support": 4,
    "confused_with": {
      "diagnosis_STD": 2,
      "transmission_STD": 1
    }
  },
  "advance_plot": {
    "precision": 0.6666666666666666,
    "recall": 0.5,
    "f1-score": 0.5714285714285715,
    "support": 8,
    "confused_with": {
      "I_have_questions": 1,
      "ask_scope": 1
    }
  },
  "prevention_STD": {
    "precision": 0.8571428571428571,
    "recall": 1.0,
    "f1-score": 0.923076923076923,
    "support": 6,
    "confused_with": {}
  },
  "definition_STD": {
    "precision": 0.5,
    "recall": 0.75,
    "f1-score": 0.6,
    "support": 4,
    "confused_with": {
      "set_entity_none": 1
    }
  },
  "express_amusement": {
    "precision": 0.25,
    "recall": 0.16666666666666666,
    "f1-score": 0.2,
    "support": 6,
    "confused_with": {
      "deny": 2,
      "greet": 1,
      "goodbye": 1
    }
  },
  "thank": {
    "precision": 0.75,
    "recall": 0.6,
    "f1-score": 0.6666666666666665,
    "support": 5,
    "confused_with": {
      "express_amusement": 1,
      "lost_user": 1
    }
  },
  "ask_source": {
    "precision": 0.6666666666666666,
    "recall": 0.4,
    "f1-score": 0.5,
    "support": 5,
    "confused_with": {
      "ask_scope": 1,
      "diagnosis_STD": 1
    }
  },
  "set_entity_none": {
    "precision": 0.6,
    "recall": 0.6,
    "f1-score": 0.6,
    "support": 5,
    "confused_with": {
      "deny": 2
    }
  },
  "ask_scope": {
    "precision": 0.5,
    "recall": 0.6,
    "f1-score": 0.5454545454545454,
    "support": 5,
    "confused_with": {
      "greet": 1,
      "I_have_questions": 1
    }
  },
  "treatment_STD": {
    "precision": 0.5,
    "recall": 0.75,
    "f1-score": 0.6,
    "support": 4,
    "confused_with": {
      "ask_scope": 1
    }
  },
  "lost_user": {
    "precision": 0.5,
    "recall": 0.6,
    "f1-score": 0.5454545454545454,
    "support": 5,
    "confused_with": {
      "affirm": 1,
      "deny": 1
    }
  },
  "I_have_questions": {
    "precision": 0.6,
    "recall": 0.6,
    "f1-score": 0.6,
    "support": 5,
    "confused_with": {
      "advance_plot": 1,
      "list_STD": 1
    }
  },
  "transmission_STD": {
    "precision": 0.5,
    "recall": 0.5,
    "f1-score": 0.5,
    "support": 6,
    "confused_with": {
      "treatment_STD": 1,
      "prevention_STD": 1
    }
  },
  "list_STD": {
    "precision": 0.6666666666666666,
    "recall": 0.8,
    "f1-score": 0.7272727272727272,
    "support": 5,
    "confused_with": {
      "definition_STD": 1
    }
  },
  "diagnosis_STD": {
    "precision": 0.2,
    "recall": 0.25,
    "f1-score": 0.22222222222222224,
    "support": 4,
    "confused_with": {
      "treatment_STD": 1,
      "testing_recommendations": 1,
      "symptoms_STD": 1
    }
  },
  "testing_recommendations": {
    "precision": 0.5,
    "recall": 0.25,
    "f1-score": 0.3333333333333333,
    "support": 4,
    "confused_with": {
      "symptoms_STD": 1,
      "out_of_scope": 1
    }
  },
  "consequences_STD": {
    "precision": 0.5,
    "recall": 0.5,
    "f1-score": 0.5,
    "support": 6,
    "confused_with": {
      "treatment_STD": 1,
      "affirm": 1
    }
  },
  "accuracy": 0.5655737704918032,
  "macro avg": {
    "precision": 0.5534679089026915,
    "recall": 0.5651138716356108,
    "f1-score": 0.5419454941194071,
    "support": 122
  },
  "weighted avg": {
    "precision": 0.5651736924277908,
    "recall": 0.5655737704918032,
    "f1-score": 0.5487076675601265,
    "support": 122
  }
}