{
  "STD_name": {
    "precision": 0.9310344827586207,
    "recall": 0.9,
    "f1-score": 0.9152542372881356,
    "support": 30,
    "confused_with": {}
  },
  "micro avg": {
    "precision": 0.9310344827586207,
    "recall": 0.9,
    "f1-score": 0.9152542372881356,
    "support": 30
  },
  "macro avg": {
    "precision": 0.9310344827586207,
    "recall": 0.9,
    "f1-score": 0.9152542372881356,
    "support": 30
  },
  "weighted avg": {
    "precision": 0.9310344827586207,
    "recall": 0.9,
    "f1-score": 0.9152542372881356,
    "support": 30
  }
}