{
  "STD_name": {
    "precision": 0.96,
    "recall": 1.0,
    "f1-score": 0.9795918367346939,
    "support": 24,
    "confused_with": {}
  },
  "micro avg": {
    "precision": 0.96,
    "recall": 1.0,
    "f1-score": 0.9795918367346939,
    "support": 24
  },
  "macro avg": {
    "precision": 0.96,
    "recall": 1.0,
    "f1-score": 0.9795918367346939,
    "support": 24
  },
  "weighted avg": {
    "precision": 0.96,
    "recall": 1.0,
    "f1-score": 0.9795918367346937,
    "support": 24
  }
}