{
  "greet": {
    "precision": 0.5,
    "recall": 0.6,
    "f1-score": 0.5454545454545454,
    "support": 5,
    "confused_with": {
      "goodbye": 1,
      "ask_source": 1
    }
  },
  "insults": {
    "precision": 0.8,
    "recall": 0.6666666666666666,
    "f1-score": 0.7272727272727272,
    "support": 6,
    "confused_with": {
      "greet": 1,
      "affirm": 1
    }
  },
  "goodbye": {
    "precision": 0.6666666666666666,
    "recall": 0.5714285714285714,
    "f1-score": 0.6153846153846153,
    "support": 7,
    "confused_with": {
      "affirm": 1,
      "consequences_STD": 1
    }
  },
  "deny": {
    "precision": 0.375,
    "recall": 0.6,
    "f1-score": 0.4615384615384615,
    "support": 5,
    "confused_with": {
      "affirm": 1,
      "lost_user": 1
    }
  },
  "out_of_scope": {
    "precision": 0.16666666666666666,
    "recall": 0.16666666666666666,
    "f1-score": 0.16666666666666666,
    "support": 6,
    "confused_with": {
      "consequences_STD": 2,
      "treatment_STD": 1
    }
  },
  "affirm": {
    "precision": 0.4,
    "recall": 0.3333333333333333,
    "f1-score": 0.3636363636363636,
    "support": 6,
    "confused_with": {
      "definition_STD": 2,
      "lost_user": 1
    }
  },
  "symptoms_STD": {
    "precision": 0.5,
    "recall": 0.25,
    "f1-score": 0.3333333333333333,
    "support": 4,
    "confused_with": {
      "diagnosis_STD": 2,
      "consequences_STD": 1
    }
  },
  "advance_plot": {
    "precision": 0.3333333333333333,
    "recall": 0.125,
    "f1-score": 0.18181818181818182,
    "support": 8,
    "confused_with": {
      "ask_scope": 3,
      "greet": 1,
      "deny": 1
    }
  },
  "prevention_STD": {
    "precision": 1.0,
    "recall": 0.8333333333333334,
    "f1-score": 0.9090909090909091,
    "support": 6,
    "confused_with": {
      "treatment_STD": 1
    }
  },
  "definition_STD": {
    "precision": 0.25,
    "recall": 0.5,
    "f1-score": 0.3333333333333333,
    "support": 4,
    "confused_with": {
      "set_entity_none": 1,
      "list_STD": 1
    }
  },
  "express_amusement": {
    "precision": 0.4,
    "recall": 0.3333333333333333,
    "f1-score": 0.3636363636363636,
    "support": 6,
    "confused_with": {
      "deny": 2,
      "goodbye": 1
    }
  },
  "thank": {
    "precision": 1.0,
    "recall": 0.2,
    "f1-score": 0.33333333333333337,
    "support": 5,
    "confused_with": {
      "express_amusement": 2,
      "lost_user": 1
    }
  },
  "ask_source": {
    "precision": 0.0,
    "recall": 0.0,
    "f1-score": 0.0,
    "support": 5,
    "confused_with": {
      "out_of_scope": 2,
      "greet": 1,
      "ask_scope": 1
    }
  },
  "set_entity_none": {
    "precision": 0.6,
    "recall": 0.6,
    "f1-score": 0.6,
    "support": 5,
    "confused_with": {
      "advance_plot": 1,
      "ask_scope": 1
    }
  },
  "ask_scope": {
    "precision": 0.3333333333333333,
    "recall": 0.6,
    "f1-score": 0.42857142857142855,
    "support": 5,
    "confused_with": {
      "lost_user": 1,
      "transmission_STD": 1
    }
  },
  "treatment_STD": {
    "precision": 0.4,
    "recall": 0.5,
    "f1-score": 0.4444444444444445,
    "support": 4,
    "confused_with": {
      "lost_user": 2
    }
  },
  "lost_user": {
    "precision": 0.3,
    "recall": 0.6,
    "f1-score": 0.4,
    "support": 5,
    "confused_with": {
      "ask_scope": 1,
      "insults": 1
    }
  },
  "I_have_questions": {
    "precision": 0.6666666666666666,
    "recall": 0.8,
    "f1-score": 0.7272727272727272,
    "support": 5,
    "confused_with": {
      "set_entity_none": 1
    }
  },
  "transmission_STD": {
    "precision": 0.6666666666666666,
    "recall": 0.3333333333333333,
    "f1-score": 0.4444444444444444,
    "support": 6,
    "confused_with": {
      "I_have_questions": 1,
      "ask_source": 1
    }
  },
  "list_STD": {
    "precision": 0.8,
    "recall": 0.8,
    "f1-score": 0.8000000000000002,
    "support": 5,
    "confused_with": {
      "definition_STD": 1
    }
  },
  "diagnosis_STD": {
    "precision": 0.4444444444444444,
    "recall": 1.0,
    "f1-score": 0.6153846153846153,
    "support": 4,
    "confused_with": {}
  },
  "testing_recommendations": {
    "precision": 0.5,
    "recall": 0.25,
    "f1-score": 0.3333333333333333,
    "support": 4,
    "confused_with": {
      "out_of_scope": 2,
      "diagnosis_STD": 1
    }
  },
  "consequences_STD": {
    "precision": 0.3333333333333333,
    "recall": 0.3333333333333333,
    "f1-score": 0.3333333333333333,
    "support": 6,
    "confused_with": {
      "treatment_STD": 1,
      "advance_plot": 1
    }
  },
  "accuracy": 0.4672131147540984,
  "macro avg": {
    "precision": 0.49722222222222223,
    "recall": 0.4781055900621119,
    "f1-score": 0.45483839831665923,
    "support": 122
  },
  "weighted avg": {
    "precision": 0.5015255009107469,
    "recall": 0.4672131147540984,
    "f1-score": 0.45353189615484696,
    "support": 122
  }
}