{
  "STD_name": {
    "precision": 0.9512195121951219,
    "recall": 0.975,
    "f1-score": 0.9629629629629629,
    "support": 40,
    "confused_with": {}
  },
  "micro avg": {
    "precision": 0.9512195121951219,
    "recall": 0.975,
    "f1-score": 0.9629629629629629,
    "support": 40
  },
  "macro avg": {
    "precision": 0.9512195121951219,
    "recall": 0.975,
    "f1-score": 0.9629629629629629,
    "support": 40
  },
  "weighted avg": {
    "precision": 0.9512195121951219,
    "recall": 0.975,
    "f1-score": 0.962962962962963,
    "support": 40
  }
}