{
  "STD_name": {
    "precision": 0.8863636363636364,
    "recall": 0.975,
    "f1-score": 0.9285714285714285,
    "support": 40,
    "confused_with": {}
  },
  "micro avg": {
    "precision": 0.8863636363636364,
    "recall": 0.975,
    "f1-score": 0.9285714285714285,
    "support": 40
  },
  "macro avg": {
    "precision": 0.8863636363636364,
    "recall": 0.975,
    "f1-score": 0.9285714285714285,
    "support": 40
  },
  "weighted avg": {
    "precision": 0.8863636363636364,
    "recall": 0.975,
    "f1-score": 0.9285714285714285,
    "support": 40
  }
}