{
  "STD_name": {
    "precision": 0.8461538461538461,
    "recall": 0.9565217391304348,
    "f1-score": 0.8979591836734695,
    "support": 23,
    "confused_with": {}
  },
  "micro avg": {
    "precision": 0.8461538461538461,
    "recall": 0.9565217391304348,
    "f1-score": 0.8979591836734695,
    "support": 23
  },
  "macro avg": {
    "precision": 0.8461538461538461,
    "recall": 0.9565217391304348,
    "f1-score": 0.8979591836734695,
    "support": 23
  },
  "weighted avg": {
    "precision": 0.846153846153846,
    "recall": 0.9565217391304348,
    "f1-score": 0.8979591836734694,
    "support": 23
  }
}