{
  "STD_name": {
    "precision": 0.9852941176470589,
    "recall": 0.9305555555555556,
    "f1-score": 0.9571428571428572,
    "support": 144,
    "confused_with": {}
  },
  "micro avg": {
    "precision": 0.9852941176470589,
    "recall": 0.9305555555555556,
    "f1-score": 0.9571428571428572,
    "support": 144
  },
  "macro avg": {
    "precision": 0.9852941176470589,
    "recall": 0.9305555555555556,
    "f1-score": 0.9571428571428572,
    "support": 144
  },
  "weighted avg": {
    "precision": 0.9852941176470588,
    "recall": 0.9305555555555556,
    "f1-score": 0.9571428571428571,
    "support": 144
  }
}