{
  "STD_name": {
    "precision": 0.9852941176470589,
    "recall": 0.9370629370629371,
    "f1-score": 0.960573476702509,
    "support": 143,
    "confused_with": {}
  },
  "micro avg": {
    "precision": 0.9852941176470589,
    "recall": 0.9370629370629371,
    "f1-score": 0.960573476702509,
    "support": 143
  },
  "macro avg": {
    "precision": 0.9852941176470589,
    "recall": 0.9370629370629371,
    "f1-score": 0.960573476702509,
    "support": 143
  },
  "weighted avg": {
    "precision": 0.9852941176470589,
    "recall": 0.9370629370629371,
    "f1-score": 0.9605734767025091,
    "support": 143
  }
}