{
  "STD_name": {
    "precision": 0.9814814814814815,
    "recall": 0.8907563025210085,
    "f1-score": 0.933920704845815,
    "support": 119,
    "confused_with": {}
  },
  "micro avg": {
    "precision": 0.9814814814814815,
    "recall": 0.8907563025210085,
    "f1-score": 0.933920704845815,
    "support": 119
  },
  "macro avg": {
    "precision": 0.9814814814814815,
    "recall": 0.8907563025210085,
    "f1-score": 0.933920704845815,
    "support": 119
  },
  "weighted avg": {
    "precision": 0.9814814814814815,
    "recall": 0.8907563025210085,
    "f1-score": 0.933920704845815,
    "support": 119
  }
}