{
  "STD_name": {
    "precision": 0.9271523178807947,
    "recall": 0.9790209790209791,
    "f1-score": 0.9523809523809524,
    "support": 143,
    "confused_with": {}
  },
  "micro avg": {
    "precision": 0.9271523178807947,
    "recall": 0.9790209790209791,
    "f1-score": 0.9523809523809524,
    "support": 143
  },
  "macro avg": {
    "precision": 0.9271523178807947,
    "recall": 0.9790209790209791,
    "f1-score": 0.9523809523809524,
    "support": 143
  },
  "weighted avg": {
    "precision": 0.9271523178807946,
    "recall": 0.9790209790209791,
    "f1-score": 0.9523809523809524,
    "support": 143
  }
}