{
  "STD_name": {
    "precision": 0.943089430894309,
    "recall": 0.9747899159663865,
    "f1-score": 0.9586776859504134,
    "support": 119,
    "confused_with": {}
  },
  "micro avg": {
    "precision": 0.943089430894309,
    "recall": 0.9747899159663865,
    "f1-score": 0.9586776859504134,
    "support": 119
  },
  "macro avg": {
    "precision": 0.943089430894309,
    "recall": 0.9747899159663865,
    "f1-score": 0.9586776859504134,
    "support": 119
  },
  "weighted avg": {
    "precision": 0.943089430894309,
    "recall": 0.9747899159663865,
    "f1-score": 0.9586776859504134,
    "support": 119
  }
}