{
  "STD_name": {
    "precision": 0.9155844155844156,
    "recall": 0.9527027027027027,
    "f1-score": 0.9337748344370861,
    "support": 148,
    "confused_with": {}
  },
  "micro avg": {
    "precision": 0.9155844155844156,
    "recall": 0.9527027027027027,
    "f1-score": 0.9337748344370861,
    "support": 148
  },
  "macro avg": {
    "precision": 0.9155844155844156,
    "recall": 0.9527027027027027,
    "f1-score": 0.9337748344370861,
    "support": 148
  },
  "weighted avg": {
    "precision": 0.9155844155844156,
    "recall": 0.9527027027027027,
    "f1-score": 0.9337748344370861,
    "support": 148
  }
}