{
  "STD_name": {
    "precision": 0.9533333333333334,
    "recall": 0.9930555555555556,
    "f1-score": 0.9727891156462586,
    "support": 144,
    "confused_with": {}
  },
  "micro avg": {
    "precision": 0.9533333333333334,
    "recall": 0.9930555555555556,
    "f1-score": 0.9727891156462586,
    "support": 144
  },
  "macro avg": {
    "precision": 0.9533333333333334,
    "recall": 0.9930555555555556,
    "f1-score": 0.9727891156462586,
    "support": 144
  },
  "weighted avg": {
    "precision": 0.9533333333333334,
    "recall": 0.9930555555555556,
    "f1-score": 0.9727891156462586,
    "support": 144
  }
}