{
  "STD_name": {
    "precision": 0.92,
    "recall": 0.9663865546218487,
    "f1-score": 0.9426229508196722,
    "support": 119,
    "confused_with": {}
  },
  "micro avg": {
    "precision": 0.92,
    "recall": 0.9663865546218487,
    "f1-score": 0.9426229508196722,
    "support": 119
  },
  "macro avg": {
    "precision": 0.92,
    "recall": 0.9663865546218487,
    "f1-score": 0.9426229508196722,
    "support": 119
  },
  "weighted avg": {
    "precision": 0.92,
    "recall": 0.9663865546218487,
    "f1-score": 0.9426229508196722,
    "support": 119
  }
}