{
  "consequences_STD": {
    "precision": 0.5833333333333334,
    "recall": 0.4827586206896552,
    "f1-score": 0.5283018867924529,
    "support": 29,
    "confused_with": {
      "diagnosis_STD": 3,
      "treatment_STD": 2
    }
  },
  "advance_plot": {
    "precision": 0.5,
    "recall": 0.35294117647058826,
    "f1-score": 0.41379310344827586,
    "support": 34,
    "confused_with": {
      "I_have_questions": 5,
      "affirm": 5
    }
  },
  "set_entity_none": {
    "precision": 0.6153846153846154,
    "recall": 0.6956521739130435,
    "f1-score": 0.6530612244897959,
    "support": 23,
    "confused_with": {
      "deny": 3,
      "I_have_questions": 1
    }
  },
  "insults": {
    "precision": 0.8,
    "recall": 0.8421052631578947,
    "f1-score": 0.8205128205128205,
    "support": 19,
    "confused_with": {
      "greet": 2,
      "express_amusement": 1
    }
  },
  "definition_STD": {
    "precision": 0.6071428571428571,
    "recall": 0.7083333333333334,
    "f1-score": 0.6538461538461539,
    "support": 24,
    "confused_with": {
      "out_of_scope": 2,
      "greet": 1
    }
  },
  "ask_scope": {
    "precision": 0.5357142857142857,
    "recall": 0.5555555555555556,
    "f1-score": 0.5454545454545454,
    "support": 27,
    "confused_with": {
      "I_have_questions": 4,
      "advance_plot": 3
    }
  },
  "deny": {
    "precision": 0.7307692307692307,
    "recall": 0.76,
    "f1-score": 0.7450980392156863,
    "support": 25,
    "confused_with": {
      "affirm": 2,
      "set_entity_none": 2
    }
  },
  "list_STD": {
    "precision": 0.5666666666666667,
    "recall": 0.7391304347826086,
    "f1-score": 0.6415094339622641,
    "support": 23,
    "confused_with": {
      "treatment_STD": 1,
      "affirm": 1
    }
  },
  "ask_source": {
    "precision": 0.7777777777777778,
    "recall": 0.5833333333333334,
    "f1-score": 0.6666666666666666,
    "support": 24,
    "confused_with": {
      "advance_plot": 2,
      "ask_scope": 2
    }
  },
  "goodbye": {
    "precision": 0.72,
    "recall": 0.6,
    "f1-score": 0.6545454545454547,
    "support": 30,
    "confused_with": {
      "express_amusement": 3,
      "greet": 2
    }
  },
  "thank": {
    "precision": 0.8636363636363636,
    "recall": 0.9047619047619048,
    "f1-score": 0.8837209302325582,
    "support": 21,
    "confused_with": {
      "affirm": 2
    }
  },
  "out_of_scope": {
    "precision": 0.2857142857142857,
    "recall": 0.16,
    "f1-score": 0.20512820512820512,
    "support": 25,
    "confused_with": {
      "consequences_STD": 6,
      "diagnosis_STD": 3
    }
  },
  "testing_recommendations": {
    "precision": 0.75,
    "recall": 0.75,
    "f1-score": 0.75,
    "support": 20,
    "confused_with": {
      "symptoms_STD": 2,
      "out_of_scope": 1
    }
  },
  "prevention_STD": {
    "precision": 0.7575757575757576,
    "recall": 0.8620689655172413,
    "f1-score": 0.8064516129032258,
    "support": 29,
    "confused_with": {
      "diagnosis_STD": 1,
      "testing_recommendations": 1
    }
  },
  "express_amusement": {
    "precision": 0.5294117647058824,
    "recall": 0.3333333333333333,
    "f1-score": 0.409090909090909,
    "support": 27,
    "confused_with": {
      "goodbye": 5,
      "greet": 3
    }
  },
  "greet": {
    "precision": 0.53125,
    "recall": 0.6296296296296297,
    "f1-score": 0.5762711864406779,
    "support": 27,
    "confused_with": {
      "affirm": 2,
      "definition_STD": 2
    }
  },
  "I_have_questions": {
    "precision": 0.5128205128205128,
    "recall": 0.7692307692307693,
    "f1-score": 0.6153846153846154,
    "support": 26,
    "confused_with": {
      "ask_source": 1,
      "advance_plot": 1
    }
  },
  "treatment_STD": {
    "precision": 0.42857142857142855,
    "recall": 0.45,
    "f1-score": 0.4390243902439024,
    "support": 20,
    "confused_with": {
      "diagnosis_STD": 4,
      "prevention_STD": 2
    }
  },
  "symptoms_STD": {
    "precision": 0.6,
    "recall": 0.5217391304347826,
    "f1-score": 0.5581395348837209,
    "support": 23,
    "confused_with": {
      "diagnosis_STD": 4,
      "out_of_scope": 2
    }
  },
  "diagnosis_STD": {
    "precision": 0.36363636363636365,
    "recall": 0.5714285714285714,
    "f1-score": 0.4444444444444444,
    "support": 21,
    "confused_with": {
      "testing_recommendations": 3,
      "transmission_STD": 2
    }
  },
  "transmission_STD": {
    "precision": 0.6333333333333333,
    "recall": 0.7037037037037037,
    "f1-score": 0.6666666666666667,
    "support": 27,
    "confused_with": {
      "prevention_STD": 2,
      "out_of_scope": 2
    }
  },
  "lost_user": {
    "precision": 0.6111111111111112,
    "recall": 0.39285714285714285,
    "f1-score": 0.4782608695652174,
    "support": 28,
    "confused_with": {
      "affirm": 3,
      "treatment_STD": 2
    }
  },
  "affirm": {
    "precision": 0.43243243243243246,
    "recall": 0.48484848484848486,
    "f1-score": 0.45714285714285713,
    "support": 33,
    "confused_with": {
      "insults": 2,
      "thank": 2
    }
  },
  "accuracy": 0.5914529914529915,
  "macro avg": {
    "precision": 0.5972296574054886,
    "recall": 0.6023222403035468,
    "f1-score": 0.5918485022200485,
    "support": 585
  },
  "weighted avg": {
    "precision": 0.5924525644340878,
    "recall": 0.5914529914529915,
    "f1-score": 0.5838363266588242,
    "support": 585
  }
}