{
  "treatment_STD": {
    "precision": 0.32,
    "recall": 0.4,
    "f1-score": 0.35555555555555557,
    "support": 20,
    "confused_with": {
      "diagnosis_STD": 5,
      "out_of_scope": 2
    }
  },
  "I_have_questions": {
    "precision": 0.46153846153846156,
    "recall": 0.42857142857142855,
    "f1-score": 0.4444444444444445,
    "support": 14,
    "confused_with": {
      "advance_plot": 4,
      "affirm": 1
    }
  },
  "deny": {
    "precision": 0.5384615384615384,
    "recall": 0.6666666666666666,
    "f1-score": 0.5957446808510638,
    "support": 21,
    "confused_with": {
      "testing_recommendations": 2,
      "affirm": 2
    }
  },
  "out_of_scope": {
    "precision": 0.23809523809523808,
    "recall": 0.2,
    "f1-score": 0.21739130434782608,
    "support": 25,
    "confused_with": {
      "testing_recommendations": 3,
      "symptoms_STD": 3
    }
  },
  "ask_source": {
    "precision": 0.55,
    "recall": 0.4583333333333333,
    "f1-score": 0.5,
    "support": 24,
    "confused_with": {
      "lost_user": 2,
      "ask_scope": 2
    }
  },
  "list_STD": {
    "precision": 0.46875,
    "recall": 0.6521739130434783,
    "f1-score": 0.5454545454545454,
    "support": 23,
    "confused_with": {
      "definition_STD": 3,
      "transmission_STD": 2
    }
  },
  "express_amusement": {
    "precision": 0.26666666666666666,
    "recall": 0.18181818181818182,
    "f1-score": 0.21621621621621623,
    "support": 22,
    "confused_with": {
      "goodbye": 6,
      "greet": 3
    }
  },
  "goodbye": {
    "precision": 0.6428571428571429,
    "recall": 0.6,
    "f1-score": 0.6206896551724138,
    "support": 30,
    "confused_with": {
      "express_amusement": 2,
      "treatment_STD": 1
    }
  },
  "advance_plot": {
    "precision": 0.43333333333333335,
    "recall": 0.3939393939393939,
    "f1-score": 0.4126984126984127,
    "support": 33,
    "confused_with": {
      "ask_scope": 5,
      "I_have_questions": 3
    }
  },
  "diagnosis_STD": {
    "precision": 0.375,
    "recall": 0.45,
    "f1-score": 0.4090909090909091,
    "support": 20,
    "confused_with": {
      "treatment_STD": 3,
      "symptoms_STD": 2
    }
  },
  "set_entity_none": {
    "precision": 0.3333333333333333,
    "recall": 0.29411764705882354,
    "f1-score": 0.3125,
    "support": 17,
    "confused_with": {
      "deny": 3,
      "definition_STD": 2
    }
  },
  "greet": {
    "precision": 0.5357142857142857,
    "recall": 0.625,
    "f1-score": 0.576923076923077,
    "support": 24,
    "confused_with": {
      "insults": 3,
      "goodbye": 2
    }
  },
  "testing_recommendations": {
    "precision": 0.4666666666666667,
    "recall": 0.5384615384615384,
    "f1-score": 0.5,
    "support": 13,
    "confused_with": {
      "advance_plot": 2,
      "out_of_scope": 2
    }
  },
  "lost_user": {
    "precision": 0.35,
    "recall": 0.4375,
    "f1-score": 0.38888888888888884,
    "support": 16,
    "confused_with": {
      "consequences_STD": 2,
      "deny": 2
    }
  },
  "ask_scope": {
    "precision": 0.4642857142857143,
    "recall": 0.6842105263157895,
    "f1-score": 0.5531914893617021,
    "support": 19,
    "confused_with": {
      "set_entity_none": 2,
      "I_have_questions": 1
    }
  },
  "definition_STD": {
    "precision": 0.5862068965517241,
    "recall": 0.7083333333333334,
    "f1-score": 0.6415094339622641,
    "support": 24,
    "confused_with": {
      "list_STD": 4,
      "out_of_scope": 2
    }
  },
  "consequences_STD": {
    "precision": 0.4666666666666667,
    "recall": 0.3684210526315789,
    "f1-score": 0.4117647058823529,
    "support": 19,
    "confused_with": {
      "treatment_STD": 2,
      "advance_plot": 2
    }
  },
  "prevention_STD": {
    "precision": 0.8518518518518519,
    "recall": 0.7931034482758621,
    "f1-score": 0.8214285714285715,
    "support": 29,
    "confused_with": {
      "list_STD": 2,
      "transmission_STD": 2
    }
  },
  "insults": {
    "precision": 0.6363636363636364,
    "recall": 0.3333333333333333,
    "f1-score": 0.43749999999999994,
    "support": 21,
    "confused_with": {
      "greet": 4,
      "ask_scope": 3
    }
  },
  "thank": {
    "precision": 0.7142857142857143,
    "recall": 0.7142857142857143,
    "f1-score": 0.7142857142857143,
    "support": 14,
    "confused_with": {
      "greet": 1,
      "affirm": 1
    }
  },
  "symptoms_STD": {
    "precision": 0.5833333333333334,
    "recall": 0.6086956521739131,
    "f1-score": 0.5957446808510638,
    "support": 23,
    "confused_with": {
      "diagnosis_STD": 3,
      "treatment_STD": 2
    }
  },
  "affirm": {
    "precision": 0.5238095238095238,
    "recall": 0.3333333333333333,
    "f1-score": 0.40740740740740733,
    "support": 33,
    "confused_with": {
      "deny": 3,
      "lost_user": 3
    }
  },
  "transmission_STD": {
    "precision": 0.6,
    "recall": 0.6666666666666666,
    "f1-score": 0.631578947368421,
    "support": 27,
    "confused_with": {
      "treatment_STD": 2,
      "advance_plot": 2
    }
  },
  "accuracy": 0.50293542074364,
  "macro avg": {
    "precision": 0.495966087122384,
    "recall": 0.5016071810105379,
    "f1-score": 0.49173950609525435,
    "support": 511
  },
  "weighted avg": {
    "precision": 0.5048385531106194,
    "recall": 0.50293542074364,
    "f1-score": 0.49671609284863627,
    "support": 511
  }
}