{
  "definition_STD": {
    "precision": 0.6538461538461539,
    "recall": 0.7083333333333334,
    "f1-score": 0.68,
    "support": 24,
    "confused_with": {
      "list_STD": 3,
      "I_have_questions": 1
    }
  },
  "treatment_STD": {
    "precision": 0.5217391304347826,
    "recall": 0.5454545454545454,
    "f1-score": 0.5333333333333332,
    "support": 22,
    "confused_with": {
      "prevention_STD": 3,
      "consequences_STD": 2
    }
  },
  "transmission_STD": {
    "precision": 0.5172413793103449,
    "recall": 0.5555555555555556,
    "f1-score": 0.5357142857142857,
    "support": 27,
    "confused_with": {
      "prevention_STD": 3,
      "testing_recommendations": 2
    }
  },
  "set_entity_none": {
    "precision": 0.6521739130434783,
    "recall": 0.6521739130434783,
    "f1-score": 0.6521739130434783,
    "support": 23,
    "confused_with": {
      "deny": 3,
      "I_have_questions": 1
    }
  },
  "symptoms_STD": {
    "precision": 0.7142857142857143,
    "recall": 0.43478260869565216,
    "f1-score": 0.5405405405405405,
    "support": 23,
    "confused_with": {
      "diagnosis_STD": 3,
      "consequences_STD": 3
    }
  },
  "consequences_STD": {
    "precision": 0.5357142857142857,
    "recall": 0.5,
    "f1-score": 0.5172413793103449,
    "support": 30,
    "confused_with": {
      "treatment_STD": 4,
      "set_entity_none": 2
    }
  },
  "advance_plot": {
    "precision": 0.6470588235294118,
    "recall": 0.5641025641025641,
    "f1-score": 0.6027397260273972,
    "support": 39,
    "confused_with": {
      "I_have_questions": 4,
      "affirm": 2
    }
  },
  "greet": {
    "precision": 0.6538461538461539,
    "recall": 0.6296296296296297,
    "f1-score": 0.6415094339622641,
    "support": 27,
    "confused_with": {
      "goodbye": 3,
      "affirm": 1
    }
  },
  "list_STD": {
    "precision": 0.46875,
    "recall": 0.6521739130434783,
    "f1-score": 0.5454545454545454,
    "support": 23,
    "confused_with": {
      "transmission_STD": 3,
      "definition_STD": 2
    }
  },
  "deny": {
    "precision": 0.6666666666666666,
    "recall": 0.8,
    "f1-score": 0.7272727272727272,
    "support": 25,
    "confused_with": {
      "express_amusement": 1,
      "thank": 1
    }
  },
  "thank": {
    "precision": 0.8095238095238095,
    "recall": 0.8095238095238095,
    "f1-score": 0.8095238095238095,
    "support": 21,
    "confused_with": {
      "greet": 1,
      "express_amusement": 1
    }
  },
  "ask_source": {
    "precision": 0.8666666666666667,
    "recall": 0.5416666666666666,
    "f1-score": 0.6666666666666667,
    "support": 24,
    "confused_with": {
      "greet": 2,
      "ask_scope": 2
    }
  },
  "lost_user": {
    "precision": 0.45161290322580644,
    "recall": 0.5,
    "f1-score": 0.47457627118644063,
    "support": 28,
    "confused_with": {
      "deny": 3,
      "I_have_questions": 2
    }
  },
  "express_amusement": {
    "precision": 0.5666666666666667,
    "recall": 0.5483870967741935,
    "f1-score": 0.5573770491803278,
    "support": 31,
    "confused_with": {
      "goodbye": 5,
      "lost_user": 2
    }
  },
  "testing_recommendations": {
    "precision": 0.7037037037037037,
    "recall": 0.95,
    "f1-score": 0.8085106382978724,
    "support": 20,
    "confused_with": {
      "diagnosis_STD": 1
    }
  },
  "prevention_STD": {
    "precision": 0.6571428571428571,
    "recall": 0.7931034482758621,
    "f1-score": 0.71875,
    "support": 29,
    "confused_with": {
      "transmission_STD": 2,
      "treatment_STD": 1
    }
  },
  "diagnosis_STD": {
    "precision": 0.22727272727272727,
    "recall": 0.23809523809523808,
    "f1-score": 0.23255813953488372,
    "support": 21,
    "confused_with": {
      "treatment_STD": 3,
      "testing_recommendations": 3
    }
  },
  "insults": {
    "precision": 0.6428571428571429,
    "recall": 0.47368421052631576,
    "f1-score": 0.5454545454545454,
    "support": 19,
    "confused_with": {
      "greet": 2,
      "express_amusement": 2
    }
  },
  "affirm": {
    "precision": 0.5769230769230769,
    "recall": 0.4838709677419355,
    "f1-score": 0.5263157894736842,
    "support": 31,
    "confused_with": {
      "thank": 2,
      "deny": 2
    }
  },
  "ask_scope": {
    "precision": 0.6071428571428571,
    "recall": 0.6296296296296297,
    "f1-score": 0.6181818181818182,
    "support": 27,
    "confused_with": {
      "I_have_questions": 3,
      "advance_plot": 2
    }
  },
  "I_have_questions": {
    "precision": 0.5454545454545454,
    "recall": 0.72,
    "f1-score": 0.6206896551724138,
    "support": 25,
    "confused_with": {
      "advance_plot": 3,
      "ask_scope": 1
    }
  },
  "goodbye": {
    "precision": 0.6666666666666666,
    "recall": 0.625,
    "f1-score": 0.6451612903225806,
    "support": 32,
    "confused_with": {
      "express_amusement": 3,
      "I_have_questions": 1
    }
  },
  "out_of_scope": {
    "precision": 0.45,
    "recall": 0.34615384615384615,
    "f1-score": 0.3913043478260869,
    "support": 26,
    "confused_with": {
      "diagnosis_STD": 4,
      "testing_recommendations": 2
    }
  },
  "accuracy": 0.592964824120603,
  "macro avg": {
    "precision": 0.6001285149531963,
    "recall": 0.595709607662858,
    "f1-score": 0.5909152132817412,
    "support": 597
  },
  "weighted avg": {
    "precision": 0.599749363674708,
    "recall": 0.592964824120603,
    "f1-score": 0.5899385729883175,
    "support": 597
  }
}