{
  "configAugmented": [
    [
      0.7714418550484125,
      0.5516245620874357,
      0.5343498032022622,
      0.3192493299050676
    ],
    [
      0.5799407787112705,
      0.5281196945131371,
      0.49116441524831106,
      0.39356995195953726
    ],
    [
      0.5982506564473776,
      0.5487076675601265,
      0.45353189615484696,
      0.3283315500528615
    ]
  ],
  "configDiet": [
    [
      0.7045452752540506,
      0.5714688317147334,
      0.550352402606501,
      0.3438640594378299
    ],
    [
      0.5825267628546317,
      0.5280856438643324,
      0.4584469130997578,
      0.35976125556646293
    ],
    [
      0.6327997139472551,
      0.5578628566333484,
      0.502504508242213,
      0.3427354815975837
    ]
  ]
}