{
  "configBoth": [
    [
      0.5658551148305246,
      0.5143760932092658,
      0.4203310350851335,
      0.34435505775022596
    ],
    [
      0.6444571821621001,
      0.6050079246800558,
      0.5162573310114293,
      0.37880325503276324
    ],
    [
      0.6188299860431007,
      0.5849211808228201,
      0.5051236559433281,
      0.37745010801905693
    ]
  ],
  "configCRF": [
    [
      0.551446049396869,
      0.545591595634736,
      0.45452316353955696,
      0.37783108352057243
    ],
    [
      0.6237743131185753,
      0.5563670391539244,
      0.5276799248110724,
      0.3942966174847107
    ],
    [
      0.6348980254717959,
      0.5907694309333654,
      0.5124025337140091,
      0.3693544160757275
    ]
  ],
  "configDiet": [
    [
      0.5414389799635702,
      0.5304728058826419,
      0.45781049551541353,
      0.35086111520537744
    ],
    [
      0.6639946574372803,
      0.575339232716282,
      0.5757594864152241,
      0.360078881908045
    ],
    [
      0.6212335023810432,
      0.562163246589476,
      0.4452059552469388,
      0.3927743931842293
    ]
  ]
}