{
  "STD_name": {
    "precision": 0.8666666666666667,
    "recall": 0.975,
    "f1-score": 0.9176470588235294,
    "support": 40,
    "confused_with": {}
  },
  "micro avg": {
    "precision": 0.8666666666666667,
    "recall": 0.975,
    "f1-score": 0.9176470588235294,
    "support": 40
  },
  "macro avg": {
    "precision": 0.8666666666666667,
    "recall": 0.975,
    "f1-score": 0.9176470588235294,
    "support": 40
  },
  "weighted avg": {
    "precision": 0.8666666666666668,
    "recall": 0.975,
    "f1-score": 0.9176470588235294,
    "support": 40
  }
}