{
  "STD_name": {
    "precision": 0.8695652173913043,
    "recall": 1.0,
    "f1-score": 0.9302325581395349,
    "support": 20,
    "confused_with": {}
  },
  "micro avg": {
    "precision": 0.8695652173913043,
    "recall": 1.0,
    "f1-score": 0.9302325581395349,
    "support": 20
  },
  "macro avg": {
    "precision": 0.8695652173913043,
    "recall": 1.0,
    "f1-score": 0.9302325581395349,
    "support": 20
  },
  "weighted avg": {
    "precision": 0.8695652173913043,
    "recall": 1.0,
    "f1-score": 0.930232558139535,
    "support": 20
  }
}